"","bullet1","bullet2","rf.diff","rf.diff.med","rf.max","rf.maxbar","type","type_truth"
"1","Barrel 1 Bullet 1","Barrel 1 Bullet 2",0.9384,0.983,0.998,0.980666666666667,"KM","KM"
"2","Barrel 1 Bullet 1","Barrel 10 Bullet 1",0.0262666666666667,0.022,0.136,0.0496666666666667,"KNM","KNM"
"3","Barrel 1 Bullet 1","Barrel 10 Bullet 2",0.02528,0.006,0.18,0.0476,"KNM","KNM"
"4","Barrel 1 Bullet 1","Barrel 2 Bullet 1",0.0273333333333333,0.027,0.106,0.0483333333333333,"KNM","KNM"
"5","Barrel 1 Bullet 1","Barrel 2 Bullet 2",0.04168,0.02,0.176,0.0676,"KNM","KNM"
"6","Barrel 1 Bullet 1","Barrel 3 Bullet 1",0.0949,0.011,0.412,0.1115,"KNM","KNM"
"7","Barrel 1 Bullet 1","Barrel 3 Bullet 2",0.0288666666666667,0.007,0.236,0.0563333333333333,"KNM","KNM"
"8","Barrel 1 Bullet 1","Barrel 4 Bullet 1",0.0902666666666667,0.019,0.276,0.101333333333333,"KNM","KNM"
"9","Barrel 1 Bullet 1","Barrel 4 Bullet 2",0.0283333333333333,0.008,0.188,0.0446666666666667,"KNM","KNM"
"10","Barrel 1 Bullet 1","Barrel 5 Bullet 1",0.0602,0.073,0.158,0.0836666666666667,"KNM","KNM"
"11","Barrel 1 Bullet 1","Barrel 5 Bullet 2",0.0275333333333333,0.012,0.146,0.0456666666666667,"KNM","KNM"
"12","Barrel 1 Bullet 1","Barrel 6 Bullet 1",0.0310666666666667,0.025,0.176,0.0566666666666667,"KNM","KNM"
"13","Barrel 1 Bullet 1","Barrel 6 Bullet 2",0.0621333333333333,0.016,0.372,0.0896666666666667,"KNM","KNM"
"14","Barrel 1 Bullet 1","Barrel 7 Bullet 1",0.0145333333333333,0.01,0.122,0.031,"KNM","KNM"
"15","Barrel 1 Bullet 1","Barrel 7 Bullet 2",0.0336666666666667,0.017,0.136,0.0473333333333333,"KNM","KNM"
"16","Barrel 1 Bullet 1","Barrel 8 Bullet 1",0.04384,0.01,0.192,0.0776,"KNM","KNM"
"17","Barrel 1 Bullet 1","Barrel 8 Bullet 2",0.0551333333333333,0.06,0.41,0.0913333333333333,"KNM","KNM"
"18","Barrel 1 Bullet 1","Barrel 9 Bullet 1",0.0447333333333333,0.031,0.134,0.0623333333333333,"KNM","KNM"
"19","Barrel 1 Bullet 1","Barrel 9 Bullet 2",0.0829333333333333,0.01,0.508,0.105,"KNM","KNM"
"20","Barrel 1 Bullet 1","Unknowns Bullet 'E'",0.08048,0.016,0.496,0.1036,"UKN","KNM"
"21","Barrel 1 Bullet 1","Unknowns Bullet 'F'",0.0525333333333333,0.019,0.252,0.077,"UKN","KNM"
"22","Barrel 1 Bullet 1","Unknowns Bullet 'G'",0.0532,0.029,0.188,0.0746666666666667,"UKN","KNM"
"23","Barrel 1 Bullet 1","Unknowns Bullet 'H'",0.057,0.025,0.292,0.087,"UKN","KNM"
"24","Barrel 1 Bullet 1","Unknowns Bullet 'I'",0.06632,0.012,0.338,0.0828,"UKN","KNM"
"25","Barrel 1 Bullet 1","Unknowns Bullet 'J'",0.0156666666666667,0.009,0.124,0.036,"UKN","KNM"
"26","Barrel 1 Bullet 1","Unknowns Bullet 'K'",0.8386,0.872,0.998,0.866,"UKN","KM"
"27","Barrel 1 Bullet 1","Unknowns Bullet 'L'",0.039,0.015,0.32,0.0706666666666667,"UKN","KNM"
"28","Barrel 1 Bullet 1","Unknowns Bullet 'O'",0.0914,0.012,0.456,0.115333333333333,"UKN","KNM"
"29","Barrel 1 Bullet 1","Unknowns Bullet 'P'",0.0292666666666667,0.007,0.256,0.0516666666666667,"UKN","KNM"
"30","Barrel 1 Bullet 1","Unknowns Bullet 'S'",0.0370666666666667,0.024,0.252,0.0636666666666667,"UKN","KNM"
"31","Barrel 1 Bullet 1","Unknowns Bullet 'T'",0.0102,0.011,0.076,0.0243333333333333,"UKN","KNM"
"32","Barrel 1 Bullet 1","Unknowns Bullet 'U'",0.0517333333333333,0.022,0.226,0.077,"UKN","KNM"
"33","Barrel 1 Bullet 1","Unknowns Bullet 'X'",0.0104,0.009,0.088,0.0263333333333333,"UKN","KNM"
"34","Barrel 1 Bullet 1","Unknowns Bullet 'Y'",0.0164,0.012,0.284,0.0563333333333333,"UKN","KNM"
"35","Barrel 1 Bullet 2","Barrel 10 Bullet 1",0.0484,0.028,0.424,0.092,"KNM","KNM"
"36","Barrel 1 Bullet 2","Barrel 10 Bullet 2",0.08776,0.03,0.53,0.134,"KNM","KNM"
"37","Barrel 1 Bullet 2","Barrel 2 Bullet 1",0.0476666666666667,0.014,0.3,0.0766666666666667,"KNM","KNM"
"38","Barrel 1 Bullet 2","Barrel 2 Bullet 2",0.07192,0.01,0.37,0.0872,"KNM","KNM"
"39","Barrel 1 Bullet 2","Barrel 3 Bullet 1",0.0358,0.025,0.142,0.056,"KNM","KNM"
"40","Barrel 1 Bullet 2","Barrel 3 Bullet 2",0.0530666666666667,0.01,0.274,0.0766666666666667,"KNM","KNM"
"41","Barrel 1 Bullet 2","Barrel 4 Bullet 1",0.0112666666666667,0.014,0.128,0.03,"KNM","KNM"
"42","Barrel 1 Bullet 2","Barrel 4 Bullet 2",0.0222,0.021,0.174,0.041,"KNM","KNM"
"43","Barrel 1 Bullet 2","Barrel 5 Bullet 1",0.0799333333333333,0.029,0.512,0.145333333333333,"KNM","KNM"
"44","Barrel 1 Bullet 2","Barrel 5 Bullet 2",0.0320666666666667,0.009,0.314,0.0673333333333333,"KNM","KNM"
"45","Barrel 1 Bullet 2","Barrel 6 Bullet 1",0.0206,0.004,0.076,0.0376666666666667,"KNM","KNM"
"46","Barrel 1 Bullet 2","Barrel 6 Bullet 2",0.0206,0.022,0.266,0.0496666666666667,"KNM","KNM"
"47","Barrel 1 Bullet 2","Barrel 7 Bullet 1",0.0502,0.017,0.302,0.078,"KNM","KNM"
"48","Barrel 1 Bullet 2","Barrel 7 Bullet 2",0.0197333333333333,0.005,0.222,0.051,"KNM","KNM"
"49","Barrel 1 Bullet 2","Barrel 8 Bullet 1",0.04088,0.028,0.272,0.0668,"KNM","KNM"
"50","Barrel 1 Bullet 2","Barrel 8 Bullet 2",0.0624666666666667,0.015,0.462,0.0873333333333333,"KNM","KNM"
"51","Barrel 1 Bullet 2","Barrel 9 Bullet 1",0.0758,0.017,0.426,0.0876666666666667,"KNM","KNM"
"52","Barrel 1 Bullet 2","Barrel 9 Bullet 2",0.0132,0.023,0.132,0.0356666666666667,"KNM","KNM"
"53","Barrel 1 Bullet 2","Unknowns Bullet 'E'",0.06416,0.014,0.3,0.0792,"UKN","KNM"
"54","Barrel 1 Bullet 2","Unknowns Bullet 'F'",0.0352,0.01,0.214,0.06,"UKN","KNM"
"55","Barrel 1 Bullet 2","Unknowns Bullet 'G'",0.1198,0.058,0.516,0.156666666666667,"UKN","KNM"
"56","Barrel 1 Bullet 2","Unknowns Bullet 'H'",0.0515333333333333,0.044,0.414,0.104333333333333,"UKN","KNM"
"57","Barrel 1 Bullet 2","Unknowns Bullet 'I'",0.06888,0.012,0.364,0.1028,"UKN","KNM"
"58","Barrel 1 Bullet 2","Unknowns Bullet 'J'",0.0330666666666667,0.002,0.148,0.0503333333333333,"UKN","KNM"
"59","Barrel 1 Bullet 2","Unknowns Bullet 'K'",0.886733333333333,0.968,0.99,0.902666666666667,"UKN","KM"
"60","Barrel 1 Bullet 2","Unknowns Bullet 'L'",0.0344666666666667,0.013,0.228,0.0563333333333333,"UKN","KNM"
"61","Barrel 1 Bullet 2","Unknowns Bullet 'O'",0.0598,0.007,0.35,0.0826666666666667,"UKN","KNM"
"62","Barrel 1 Bullet 2","Unknowns Bullet 'P'",0.0474666666666667,0.034,0.268,0.0726666666666667,"UKN","KNM"
"63","Barrel 1 Bullet 2","Unknowns Bullet 'S'",0.0597333333333333,0.05,0.524,0.103666666666667,"UKN","KNM"
"64","Barrel 1 Bullet 2","Unknowns Bullet 'T'",0.0346666666666667,0.015,0.214,0.0576666666666667,"UKN","KNM"
"65","Barrel 1 Bullet 2","Unknowns Bullet 'U'",0.0449333333333333,0.043,0.378,0.0846666666666667,"UKN","KNM"
"66","Barrel 1 Bullet 2","Unknowns Bullet 'X'",0.0121333333333333,0.006,0.114,0.039,"UKN","KNM"
"67","Barrel 1 Bullet 2","Unknowns Bullet 'Y'",0.1042,0.011,0.644,0.134,"UKN","KNM"
"68","Barrel 10 Bullet 1","Barrel 10 Bullet 2",0.88504,0.91,1,0.9492,"KM","KM"
"69","Barrel 10 Bullet 1","Barrel 2 Bullet 1",0.0760666666666667,0.025,0.38,0.119,"KNM","KNM"
"70","Barrel 10 Bullet 1","Barrel 2 Bullet 2",0.11512,0.012,0.476,0.1552,"KNM","KNM"
"71","Barrel 10 Bullet 1","Barrel 3 Bullet 1",0.0327,0.03,0.086,0.0465,"KNM","KNM"
"72","Barrel 10 Bullet 1","Barrel 3 Bullet 2",0.113133333333333,0.035,0.736,0.170333333333333,"KNM","KNM"
"73","Barrel 10 Bullet 1","Barrel 4 Bullet 1",0.103,0.025,0.552,0.143333333333333,"KNM","KNM"
"74","Barrel 10 Bullet 1","Barrel 4 Bullet 2",0.067,0.01,0.422,0.0836666666666667,"KNM","KNM"
"75","Barrel 10 Bullet 1","Barrel 5 Bullet 1",0.142666666666667,0.015,0.674,0.171333333333333,"KNM","KNM"
"76","Barrel 10 Bullet 1","Barrel 5 Bullet 2",0.102066666666667,0.006,0.67,0.173333333333333,"KNM","KNM"
"77","Barrel 10 Bullet 1","Barrel 6 Bullet 1",0.015,0.01,0.114,0.0316666666666667,"KNM","KNM"
"78","Barrel 10 Bullet 1","Barrel 6 Bullet 2",0.0662666666666667,0.015,0.526,0.107333333333333,"KNM","KNM"
"79","Barrel 10 Bullet 1","Barrel 7 Bullet 1",0.0393333333333333,0.033,0.326,0.11,"KNM","KNM"
"80","Barrel 10 Bullet 1","Barrel 7 Bullet 2",0.064,0.016,0.614,0.125666666666667,"KNM","KNM"
"81","Barrel 10 Bullet 1","Barrel 8 Bullet 1",0.1188,0.11,0.47,0.1572,"KNM","KNM"
"82","Barrel 10 Bullet 1","Barrel 8 Bullet 2",0.0998,0.016,0.494,0.172,"KNM","KNM"
"83","Barrel 10 Bullet 1","Barrel 9 Bullet 1",0.0234,0.024,0.214,0.045,"KNM","KNM"
"84","Barrel 10 Bullet 1","Barrel 9 Bullet 2",0.0427333333333333,0.02,0.308,0.0686666666666667,"KNM","KNM"
"85","Barrel 10 Bullet 1","Unknowns Bullet 'E'",0.02472,0.008,0.3,0.0712,"UKN","KNM"
"86","Barrel 10 Bullet 1","Unknowns Bullet 'F'",0.0710666666666667,0.013,0.432,0.110333333333333,"UKN","KNM"
"87","Barrel 10 Bullet 1","Unknowns Bullet 'G'",0.0251333333333333,0.017,0.166,0.041,"UKN","KNM"
"88","Barrel 10 Bullet 1","Unknowns Bullet 'H'",0.0338,0.017,0.212,0.0653333333333333,"UKN","KNM"
"89","Barrel 10 Bullet 1","Unknowns Bullet 'I'",0.07416,0.022,0.328,0.1372,"UKN","KNM"
"90","Barrel 10 Bullet 1","Unknowns Bullet 'J'",0.0562666666666667,0.02,0.284,0.087,"UKN","KNM"
"91","Barrel 10 Bullet 1","Unknowns Bullet 'K'",0.0248666666666667,0.02,0.174,0.045,"UKN","KNM"
"92","Barrel 10 Bullet 1","Unknowns Bullet 'L'",0.0736,0.026,0.488,0.127666666666667,"UKN","KNM"
"93","Barrel 10 Bullet 1","Unknowns Bullet 'O'",0.0691333333333333,0.015,0.482,0.122,"UKN","KNM"
"94","Barrel 10 Bullet 1","Unknowns Bullet 'P'",0.109266666666667,0.022,0.692,0.149666666666667,"UKN","KNM"
"95","Barrel 10 Bullet 1","Unknowns Bullet 'S'",0.8534,0.889,0.994,0.914,"UKN","KM"
"96","Barrel 10 Bullet 1","Unknowns Bullet 'T'",0.0126,0.003,0.148,0.0343333333333333,"UKN","KNM"
"97","Barrel 10 Bullet 1","Unknowns Bullet 'U'",0.0270666666666667,0.007,0.464,0.0883333333333333,"UKN","KNM"
"98","Barrel 10 Bullet 1","Unknowns Bullet 'X'",0.0551333333333333,0.021,0.364,0.0976666666666667,"UKN","KNM"
"99","Barrel 10 Bullet 1","Unknowns Bullet 'Y'",0.0955333333333333,0.055,0.352,0.129333333333333,"UKN","KNM"
"100","Barrel 10 Bullet 2","Barrel 2 Bullet 1",0.03528,0.014,0.256,0.0584,"KNM","KNM"
"101","Barrel 10 Bullet 2","Barrel 2 Bullet 2",0.116833333333333,0.043,0.61,0.1595,"KNM","KNM"
"102","Barrel 10 Bullet 2","Barrel 3 Bullet 1",0.0401176470588235,0.008,0.156,0.058,"KNM","KNM"
"103","Barrel 10 Bullet 2","Barrel 3 Bullet 2",0.13048,0.024,0.54,0.188,"KNM","KNM"
"104","Barrel 10 Bullet 2","Barrel 4 Bullet 1",0.18712,0.052,0.736,0.2104,"KNM","KNM"
"105","Barrel 10 Bullet 2","Barrel 4 Bullet 2",0.02304,0.006,0.264,0.0596,"KNM","KNM"
"106","Barrel 10 Bullet 2","Barrel 5 Bullet 1",0.05616,0.014,0.438,0.0928,"KNM","KNM"
"107","Barrel 10 Bullet 2","Barrel 5 Bullet 2",0.10824,0.026,0.504,0.158,"KNM","KNM"
"108","Barrel 10 Bullet 2","Barrel 6 Bullet 1",0.0548,0.02,0.478,0.1096,"KNM","KNM"
"109","Barrel 10 Bullet 2","Barrel 6 Bullet 2",0.17448,0.012,0.506,0.1912,"KNM","KNM"
"110","Barrel 10 Bullet 2","Barrel 7 Bullet 1",0.08488,0.01,0.566,0.1316,"KNM","KNM"
"111","Barrel 10 Bullet 2","Barrel 7 Bullet 2",0.13496,0.196,0.516,0.2096,"KNM","KNM"
"112","Barrel 10 Bullet 2","Barrel 8 Bullet 1",0.0995476190476191,0.097,0.222,0.1105,"KNM","KNM"
"113","Barrel 10 Bullet 2","Barrel 8 Bullet 2",0.09616,0.084,0.45,0.1516,"KNM","KNM"
"114","Barrel 10 Bullet 2","Barrel 9 Bullet 1",0.02536,0.012,0.168,0.0488,"KNM","KNM"
"115","Barrel 10 Bullet 2","Barrel 9 Bullet 2",0.0636,0.044,0.24,0.0848,"KNM","KNM"
"116","Barrel 10 Bullet 2","Unknowns Bullet 'E'",0.18452380952381,0.189,0.464,0.225,"UKN","KNM"
"117","Barrel 10 Bullet 2","Unknowns Bullet 'F'",0.04912,0.042,0.132,0.0672,"UKN","KNM"
"118","Barrel 10 Bullet 2","Unknowns Bullet 'G'",0.06152,0.02,0.182,0.0756,"UKN","KNM"
"119","Barrel 10 Bullet 2","Unknowns Bullet 'H'",0.09136,0.006,0.294,0.1192,"UKN","KNM"
"120","Barrel 10 Bullet 2","Unknowns Bullet 'I'",0.0547619047619048,0.061,0.338,0.092,"UKN","KNM"
"121","Barrel 10 Bullet 2","Unknowns Bullet 'J'",0.03464,0.024,0.274,0.076,"UKN","KNM"
"122","Barrel 10 Bullet 2","Unknowns Bullet 'K'",0.07056,0.044,0.302,0.092,"UKN","KNM"
"123","Barrel 10 Bullet 2","Unknowns Bullet 'L'",0.06336,0.07,0.436,0.0944,"UKN","KNM"
"124","Barrel 10 Bullet 2","Unknowns Bullet 'O'",0.08072,0.082,0.454,0.134,"UKN","KNM"
"125","Barrel 10 Bullet 2","Unknowns Bullet 'P'",0.11784,0.01,0.658,0.142,"UKN","KNM"
"126","Barrel 10 Bullet 2","Unknowns Bullet 'S'",0.8272,0.908,1,0.8708,"UKN","KM"
"127","Barrel 10 Bullet 2","Unknowns Bullet 'T'",0.03984,0.06,0.232,0.0784,"UKN","KNM"
"128","Barrel 10 Bullet 2","Unknowns Bullet 'U'",0.05296,0.046,0.378,0.1176,"UKN","KNM"
"129","Barrel 10 Bullet 2","Unknowns Bullet 'X'",0.0416,0.016,0.356,0.0776,"UKN","KNM"
"130","Barrel 10 Bullet 2","Unknowns Bullet 'Y'",0.0816,0.1,0.656,0.1432,"UKN","KNM"
"131","Barrel 2 Bullet 1","Barrel 2 Bullet 2",0.87824,0.97,1,0.9328,"KM","KM"
"132","Barrel 2 Bullet 1","Barrel 3 Bullet 1",0.013,0.014,0.072,0.027,"KNM","KNM"
"133","Barrel 2 Bullet 1","Barrel 3 Bullet 2",0.0194666666666667,0.019,0.102,0.0363333333333333,"KNM","KNM"
"134","Barrel 2 Bullet 1","Barrel 4 Bullet 1",0.0682666666666667,0.027,0.256,0.104666666666667,"KNM","KNM"
"135","Barrel 2 Bullet 1","Barrel 4 Bullet 2",0.0468666666666667,0.011,0.28,0.078,"KNM","KNM"
"136","Barrel 2 Bullet 1","Barrel 5 Bullet 1",0.0678666666666667,0.028,0.486,0.094,"KNM","KNM"
"137","Barrel 2 Bullet 1","Barrel 5 Bullet 2",0.1022,0.021,0.442,0.143666666666667,"KNM","KNM"
"138","Barrel 2 Bullet 1","Barrel 6 Bullet 1",0.0225333333333333,0.02,0.168,0.05,"KNM","KNM"
"139","Barrel 2 Bullet 1","Barrel 6 Bullet 2",0.0781333333333333,0.031,0.382,0.0863333333333333,"KNM","KNM"
"140","Barrel 2 Bullet 1","Barrel 7 Bullet 1",0.0476666666666667,0.013,0.386,0.0736666666666667,"KNM","KNM"
"141","Barrel 2 Bullet 1","Barrel 7 Bullet 2",0.0688666666666667,0.017,0.236,0.089,"KNM","KNM"
"142","Barrel 2 Bullet 1","Barrel 8 Bullet 1",0.11624,0.132,0.41,0.1508,"KNM","KNM"
"143","Barrel 2 Bullet 1","Barrel 8 Bullet 2",0.058,0.014,0.494,0.086,"KNM","KNM"
"144","Barrel 2 Bullet 1","Barrel 9 Bullet 1",0.0936666666666667,0.018,0.322,0.111666666666667,"KNM","KNM"
"145","Barrel 2 Bullet 1","Barrel 9 Bullet 2",0.133066666666667,0.01,0.588,0.157,"KNM","KNM"
"146","Barrel 2 Bullet 1","Unknowns Bullet 'E'",0.09248,0.014,0.472,0.1116,"UKN","KNM"
"147","Barrel 2 Bullet 1","Unknowns Bullet 'F'",0.049,0.016,0.444,0.0896666666666667,"UKN","KNM"
"148","Barrel 2 Bullet 1","Unknowns Bullet 'G'",0.0408666666666667,0.009,0.206,0.061,"UKN","KNM"
"149","Barrel 2 Bullet 1","Unknowns Bullet 'H'",0.0575333333333333,0.02,0.402,0.0863333333333333,"UKN","KNM"
"150","Barrel 2 Bullet 1","Unknowns Bullet 'I'",0.01704,0.004,0.186,0.0416,"UKN","KNM"
"151","Barrel 2 Bullet 1","Unknowns Bullet 'J'",0.0468,0.028,0.21,0.0643333333333333,"UKN","KNM"
"152","Barrel 2 Bullet 1","Unknowns Bullet 'K'",0.0304,0.032,0.238,0.052,"UKN","KNM"
"153","Barrel 2 Bullet 1","Unknowns Bullet 'L'",0.0712,0.014,0.442,0.103666666666667,"UKN","KNM"
"154","Barrel 2 Bullet 1","Unknowns Bullet 'O'",0.864333333333333,0.965,1,0.922666666666667,"UKN","KM"
"155","Barrel 2 Bullet 1","Unknowns Bullet 'P'",0.0226666666666667,0.012,0.154,0.044,"UKN","KNM"
"156","Barrel 2 Bullet 1","Unknowns Bullet 'S'",0.0349333333333333,0.03,0.126,0.0566666666666667,"UKN","KNM"
"157","Barrel 2 Bullet 1","Unknowns Bullet 'T'",0.0337333333333333,0.036,0.272,0.068,"UKN","KNM"
"158","Barrel 2 Bullet 1","Unknowns Bullet 'U'",0.0652666666666667,0.014,0.426,0.092,"UKN","KNM"
"159","Barrel 2 Bullet 1","Unknowns Bullet 'X'",0.0214,0.012,0.124,0.0346666666666667,"UKN","KNM"
"160","Barrel 2 Bullet 1","Unknowns Bullet 'Y'",0.0698666666666667,0.024,0.264,0.084,"UKN","KNM"
"161","Barrel 2 Bullet 2","Barrel 3 Bullet 1",0.05,0.026,0.17,0.0615,"KNM","KNM"
"162","Barrel 2 Bullet 2","Barrel 3 Bullet 2",0.04408,0.06,0.154,0.066,"KNM","KNM"
"163","Barrel 2 Bullet 2","Barrel 4 Bullet 1",0.04616,0.032,0.174,0.074,"KNM","KNM"
"164","Barrel 2 Bullet 2","Barrel 4 Bullet 2",0.00784,0.008,0.126,0.0332,"KNM","KNM"
"165","Barrel 2 Bullet 2","Barrel 5 Bullet 1",0.05496,0.01,0.382,0.0908,"KNM","KNM"
"166","Barrel 2 Bullet 2","Barrel 5 Bullet 2",0.08552,0.054,0.3,0.138,"KNM","KNM"
"167","Barrel 2 Bullet 2","Barrel 6 Bullet 1",0.06032,0.03,0.238,0.0948,"KNM","KNM"
"168","Barrel 2 Bullet 2","Barrel 6 Bullet 2",0.03192,0.02,0.158,0.0508,"KNM","KNM"
"169","Barrel 2 Bullet 2","Barrel 7 Bullet 1",0.06144,0.006,0.416,0.0968,"KNM","KNM"
"170","Barrel 2 Bullet 2","Barrel 7 Bullet 2",0.04112,0.024,0.254,0.0732,"KNM","KNM"
"171","Barrel 2 Bullet 2","Barrel 8 Bullet 1",0.0857857142857143,0.136,0.228,0.1175,"KNM","KNM"
"172","Barrel 2 Bullet 2","Barrel 8 Bullet 2",0.0324,0.034,0.266,0.0628,"KNM","KNM"
"173","Barrel 2 Bullet 2","Barrel 9 Bullet 1",0.10576,0.034,0.278,0.1244,"KNM","KNM"
"174","Barrel 2 Bullet 2","Barrel 9 Bullet 2",0.04952,0.004,0.308,0.0728,"KNM","KNM"
"175","Barrel 2 Bullet 2","Unknowns Bullet 'E'",0.0369285714285714,0.014,0.184,0.0515,"UKN","KNM"
"176","Barrel 2 Bullet 2","Unknowns Bullet 'F'",0.07032,0.004,0.47,0.1244,"UKN","KNM"
"177","Barrel 2 Bullet 2","Unknowns Bullet 'G'",0.05472,0.018,0.29,0.0796,"UKN","KNM"
"178","Barrel 2 Bullet 2","Unknowns Bullet 'H'",0.02776,0.012,0.16,0.0624,"UKN","KNM"
"179","Barrel 2 Bullet 2","Unknowns Bullet 'I'",0.1206,0.035,0.504,0.1448,"UKN","KNM"
"180","Barrel 2 Bullet 2","Unknowns Bullet 'J'",0.03216,0.018,0.212,0.0516,"UKN","KNM"
"181","Barrel 2 Bullet 2","Unknowns Bullet 'K'",0.04208,0.018,0.202,0.0612,"UKN","KNM"
"182","Barrel 2 Bullet 2","Unknowns Bullet 'L'",0.0556,0.01,0.34,0.0756,"UKN","KNM"
"183","Barrel 2 Bullet 2","Unknowns Bullet 'O'",0.89512,0.98,1,0.9336,"UKN","KM"
"184","Barrel 2 Bullet 2","Unknowns Bullet 'P'",0.01672,0.022,0.078,0.0348,"UKN","KNM"
"185","Barrel 2 Bullet 2","Unknowns Bullet 'S'",0.05048,0.082,0.25,0.094,"UKN","KNM"
"186","Barrel 2 Bullet 2","Unknowns Bullet 'T'",0.04368,0.016,0.312,0.0696,"UKN","KNM"
"187","Barrel 2 Bullet 2","Unknowns Bullet 'U'",0.08656,0.02,0.466,0.108,"UKN","KNM"
"188","Barrel 2 Bullet 2","Unknowns Bullet 'X'",0.05,0.016,0.316,0.0724,"UKN","KNM"
"189","Barrel 2 Bullet 2","Unknowns Bullet 'Y'",0.02928,0.014,0.178,0.0464,"UKN","KNM"
"190","Barrel 3 Bullet 1","Barrel 3 Bullet 2",0.6965,0.81,0.998,0.739,"KM","KM"
"191","Barrel 3 Bullet 1","Barrel 4 Bullet 1",0.0413,0.023,0.152,0.0535,"KNM","KNM"
"192","Barrel 3 Bullet 1","Barrel 4 Bullet 2",0.0165,0.016,0.058,0.0265,"KNM","KNM"
"193","Barrel 3 Bullet 1","Barrel 5 Bullet 1",0.0683,0.016,0.326,0.0975,"KNM","KNM"
"194","Barrel 3 Bullet 1","Barrel 5 Bullet 2",0.0828,0.01,0.338,0.096,"KNM","KNM"
"195","Barrel 3 Bullet 1","Barrel 6 Bullet 1",0.078,0.057,0.244,0.0945,"KNM","KNM"
"196","Barrel 3 Bullet 1","Barrel 6 Bullet 2",0.0548,0.031,0.22,0.0785,"KNM","KNM"
"197","Barrel 3 Bullet 1","Barrel 7 Bullet 1",0.0443,0.008,0.248,0.0695,"KNM","KNM"
"198","Barrel 3 Bullet 1","Barrel 7 Bullet 2",0.0285,0.022,0.14,0.0445,"KNM","KNM"
"199","Barrel 3 Bullet 1","Barrel 8 Bullet 1",0.0467843137254902,0.041,0.184,0.0766666666666667,"KNM","KNM"
"200","Barrel 3 Bullet 1","Barrel 8 Bullet 2",0.0697,0.052,0.204,0.08,"KNM","KNM"
"201","Barrel 3 Bullet 1","Barrel 9 Bullet 1",0.0273,0.01,0.166,0.046,"KNM","KNM"
"202","Barrel 3 Bullet 1","Barrel 9 Bullet 2",0.0129,0.016,0.044,0.0265,"KNM","KNM"
"203","Barrel 3 Bullet 1","Unknowns Bullet 'E'",0.0506274509803921,0.02,0.176,0.0633333333333333,"UKN","KNM"
"204","Barrel 3 Bullet 1","Unknowns Bullet 'F'",0.0493,0.029,0.17,0.0685,"UKN","KNM"
"205","Barrel 3 Bullet 1","Unknowns Bullet 'G'",0.0204,0.015,0.166,0.046,"UKN","KNM"
"206","Barrel 3 Bullet 1","Unknowns Bullet 'H'",0.0119,0.008,0.058,0.02,"UKN","KNM"
"207","Barrel 3 Bullet 1","Unknowns Bullet 'I'",0.0936470588235294,0.016,0.274,0.106,"UKN","KNM"
"208","Barrel 3 Bullet 1","Unknowns Bullet 'J'",0.0152,0.008,0.084,0.0305,"UKN","KNM"
"209","Barrel 3 Bullet 1","Unknowns Bullet 'K'",0.0117,0.011,0.052,0.0245,"UKN","KNM"
"210","Barrel 3 Bullet 1","Unknowns Bullet 'L'",0.7318,0.748,0.976,0.812,"UKN","KM"
"211","Barrel 3 Bullet 1","Unknowns Bullet 'O'",0.0312,0.008,0.162,0.051,"UKN","KNM"
"212","Barrel 3 Bullet 1","Unknowns Bullet 'P'",0.0307,0.025,0.104,0.043,"UKN","KNM"
"213","Barrel 3 Bullet 1","Unknowns Bullet 'S'",0.024,0.013,0.148,0.044,"UKN","KNM"
"214","Barrel 3 Bullet 1","Unknowns Bullet 'T'",0.0253,0.021,0.162,0.0425,"UKN","KNM"
"215","Barrel 3 Bullet 1","Unknowns Bullet 'U'",0.0088,0.013,0.026,0.0165,"UKN","KNM"
"216","Barrel 3 Bullet 1","Unknowns Bullet 'X'",0.0312,0.014,0.186,0.0545,"UKN","KNM"
"217","Barrel 3 Bullet 1","Unknowns Bullet 'Y'",0.0213,0.021,0.132,0.0375,"UKN","KNM"
"218","Barrel 3 Bullet 2","Barrel 4 Bullet 1",0.0648666666666667,0.024,0.328,0.0996666666666667,"KNM","KNM"
"219","Barrel 3 Bullet 2","Barrel 4 Bullet 2",0.0258666666666667,0.016,0.254,0.0546666666666667,"KNM","KNM"
"220","Barrel 3 Bullet 2","Barrel 5 Bullet 1",0.0945333333333333,0.008,0.536,0.117666666666667,"KNM","KNM"
"221","Barrel 3 Bullet 2","Barrel 5 Bullet 2",0.1224,0.02,0.438,0.148666666666667,"KNM","KNM"
"222","Barrel 3 Bullet 2","Barrel 6 Bullet 1",0.0593333333333333,0.012,0.29,0.0893333333333333,"KNM","KNM"
"223","Barrel 3 Bullet 2","Barrel 6 Bullet 2",0.1238,0.038,0.704,0.188,"KNM","KNM"
"224","Barrel 3 Bullet 2","Barrel 7 Bullet 1",0.0446,0.046,0.54,0.145333333333333,"KNM","KNM"
"225","Barrel 3 Bullet 2","Barrel 7 Bullet 2",0.0924,0.052,0.498,0.128666666666667,"KNM","KNM"
"226","Barrel 3 Bullet 2","Barrel 8 Bullet 1",0.03936,0.014,0.216,0.0652,"KNM","KNM"
"227","Barrel 3 Bullet 2","Barrel 8 Bullet 2",0.0964666666666667,0.01,0.474,0.135333333333333,"KNM","KNM"
"228","Barrel 3 Bullet 2","Barrel 9 Bullet 1",0.0879333333333333,0.016,0.51,0.109666666666667,"KNM","KNM"
"229","Barrel 3 Bullet 2","Barrel 9 Bullet 2",0.0198,0.012,0.13,0.036,"KNM","KNM"
"230","Barrel 3 Bullet 2","Unknowns Bullet 'E'",0.09864,0.012,0.548,0.1176,"UKN","KNM"
"231","Barrel 3 Bullet 2","Unknowns Bullet 'F'",0.0770666666666666,0.035,0.578,0.112,"UKN","KNM"
"232","Barrel 3 Bullet 2","Unknowns Bullet 'G'",0.05,0.016,0.302,0.0723333333333333,"UKN","KNM"
"233","Barrel 3 Bullet 2","Unknowns Bullet 'H'",0.0266666666666667,0.022,0.16,0.048,"UKN","KNM"
"234","Barrel 3 Bullet 2","Unknowns Bullet 'I'",0.0972,0.02,0.566,0.1248,"UKN","KNM"
"235","Barrel 3 Bullet 2","Unknowns Bullet 'J'",0.0890666666666667,0.011,0.606,0.118333333333333,"UKN","KNM"
"236","Barrel 3 Bullet 2","Unknowns Bullet 'K'",0.011,0.012,0.118,0.024,"UKN","KNM"
"237","Barrel 3 Bullet 2","Unknowns Bullet 'L'",0.725133333333333,0.741,0.924,0.766,"UKN","KM"
"238","Barrel 3 Bullet 2","Unknowns Bullet 'O'",0.0112666666666667,0.015,0.056,0.0256666666666667,"UKN","KNM"
"239","Barrel 3 Bullet 2","Unknowns Bullet 'P'",0.0323333333333333,0.046,0.474,0.101,"UKN","KNM"
"240","Barrel 3 Bullet 2","Unknowns Bullet 'S'",0.0367333333333333,0.026,0.278,0.061,"UKN","KNM"
"241","Barrel 3 Bullet 2","Unknowns Bullet 'T'",0.0472666666666667,0.007,0.344,0.0636666666666667,"UKN","KNM"
"242","Barrel 3 Bullet 2","Unknowns Bullet 'U'",0.0696666666666667,0.005,0.502,0.0906666666666667,"UKN","KNM"
"243","Barrel 3 Bullet 2","Unknowns Bullet 'X'",0.0716666666666667,0.09,0.462,0.12,"UKN","KNM"
"244","Barrel 3 Bullet 2","Unknowns Bullet 'Y'",0.0705333333333333,0.027,0.304,0.101,"UKN","KNM"
"245","Barrel 4 Bullet 1","Barrel 4 Bullet 2",0.722066666666667,0.772,0.98,0.763666666666667,"KM","KM"
"246","Barrel 4 Bullet 1","Barrel 5 Bullet 1",0.0643333333333333,0.008,0.348,0.0956666666666667,"KNM","KNM"
"247","Barrel 4 Bullet 1","Barrel 5 Bullet 2",0.0631333333333333,0.018,0.342,0.098,"KNM","KNM"
"248","Barrel 4 Bullet 1","Barrel 6 Bullet 1",0.0186,0.017,0.18,0.0366666666666667,"KNM","KNM"
"249","Barrel 4 Bullet 1","Barrel 6 Bullet 2",0.0346666666666667,0.015,0.21,0.053,"KNM","KNM"
"250","Barrel 4 Bullet 1","Barrel 7 Bullet 1",0.064,0.012,0.354,0.093,"KNM","KNM"
"251","Barrel 4 Bullet 1","Barrel 7 Bullet 2",0.0408,0.049,0.292,0.0886666666666667,"KNM","KNM"
"252","Barrel 4 Bullet 1","Barrel 8 Bullet 1",0.08736,0.006,0.472,0.1076,"KNM","KNM"
"253","Barrel 4 Bullet 1","Barrel 8 Bullet 2",0.113066666666667,0.015,0.474,0.140666666666667,"KNM","KNM"
"254","Barrel 4 Bullet 1","Barrel 9 Bullet 1",0.0142666666666667,0.003,0.102,0.0263333333333333,"KNM","KNM"
"255","Barrel 4 Bullet 1","Barrel 9 Bullet 2",0.0393333333333333,0.011,0.268,0.0653333333333333,"KNM","KNM"
"256","Barrel 4 Bullet 1","Unknowns Bullet 'E'",0.02528,0.012,0.122,0.05,"UKN","KNM"
"257","Barrel 4 Bullet 1","Unknowns Bullet 'F'",0.108466666666667,0.011,0.77,0.141,"UKN","KNM"
"258","Barrel 4 Bullet 1","Unknowns Bullet 'G'",0.00953333333333333,0.007,0.104,0.0256666666666667,"UKN","KNM"
"259","Barrel 4 Bullet 1","Unknowns Bullet 'H'",0.104533333333333,0.006,0.6,0.137666666666667,"UKN","KNM"
"260","Barrel 4 Bullet 1","Unknowns Bullet 'I'",0.06536,0.026,0.268,0.088,"UKN","KNM"
"261","Barrel 4 Bullet 1","Unknowns Bullet 'J'",0.607333333333333,0.693,0.908,0.633333333333333,"UKN","KM"
"262","Barrel 4 Bullet 1","Unknowns Bullet 'K'",0.0306,0.015,0.18,0.0453333333333333,"UKN","KNM"
"263","Barrel 4 Bullet 1","Unknowns Bullet 'L'",0.0239333333333333,0.018,0.186,0.0486666666666667,"UKN","KNM"
"264","Barrel 4 Bullet 1","Unknowns Bullet 'O'",0.0516666666666667,0.015,0.346,0.075,"UKN","KNM"
"265","Barrel 4 Bullet 1","Unknowns Bullet 'P'",0.713666666666667,0.761,0.968,0.767,"UKN","KM"
"266","Barrel 4 Bullet 1","Unknowns Bullet 'S'",0.1068,0.075,0.52,0.162,"UKN","KNM"
"267","Barrel 4 Bullet 1","Unknowns Bullet 'T'",0.0325333333333333,0.014,0.208,0.057,"UKN","KNM"
"268","Barrel 4 Bullet 1","Unknowns Bullet 'U'",0.0400666666666667,0.02,0.252,0.0673333333333333,"UKN","KNM"
"269","Barrel 4 Bullet 1","Unknowns Bullet 'X'",0.0348,0.006,0.3,0.0586666666666667,"UKN","KNM"
"270","Barrel 4 Bullet 1","Unknowns Bullet 'Y'",0.0112666666666667,0.005,0.1,0.0293333333333333,"UKN","KNM"
"271","Barrel 4 Bullet 2","Barrel 5 Bullet 1",0.065,0.012,0.416,0.0903333333333333,"KNM","KNM"
"272","Barrel 4 Bullet 2","Barrel 5 Bullet 2",0.0232,0.008,0.19,0.042,"KNM","KNM"
"273","Barrel 4 Bullet 2","Barrel 6 Bullet 1",0.0151333333333333,0.018,0.11,0.0326666666666667,"KNM","KNM"
"274","Barrel 4 Bullet 2","Barrel 6 Bullet 2",0.0640666666666667,0.017,0.408,0.092,"KNM","KNM"
"275","Barrel 4 Bullet 2","Barrel 7 Bullet 1",0.0318666666666667,0.055,0.118,0.055,"KNM","KNM"
"276","Barrel 4 Bullet 2","Barrel 7 Bullet 2",0.039,0.011,0.37,0.083,"KNM","KNM"
"277","Barrel 4 Bullet 2","Barrel 8 Bullet 1",0.03776,0.012,0.242,0.0824,"KNM","KNM"
"278","Barrel 4 Bullet 2","Barrel 8 Bullet 2",0.117933333333333,0.048,0.542,0.155666666666667,"KNM","KNM"
"279","Barrel 4 Bullet 2","Barrel 9 Bullet 1",0.00493333333333333,0.003,0.046,0.019,"KNM","KNM"
"280","Barrel 4 Bullet 2","Barrel 9 Bullet 2",0.024,0.02,0.128,0.0386666666666667,"KNM","KNM"
"281","Barrel 4 Bullet 2","Unknowns Bullet 'E'",0.05056,0.018,0.162,0.0684,"UKN","KNM"
"282","Barrel 4 Bullet 2","Unknowns Bullet 'F'",0.122133333333333,0.006,0.638,0.159,"UKN","KNM"
"283","Barrel 4 Bullet 2","Unknowns Bullet 'G'",0.0669333333333333,0.01,0.306,0.0943333333333333,"UKN","KNM"
"284","Barrel 4 Bullet 2","Unknowns Bullet 'H'",0.0428,0.018,0.41,0.083,"UKN","KNM"
"285","Barrel 4 Bullet 2","Unknowns Bullet 'I'",0.08264,0.024,0.39,0.1264,"UKN","KNM"
"286","Barrel 4 Bullet 2","Unknowns Bullet 'J'",0.705266666666667,0.814,0.918,0.729333333333333,"UKN","KM"
"287","Barrel 4 Bullet 2","Unknowns Bullet 'K'",0.0219333333333333,0.023,0.122,0.0403333333333333,"UKN","KNM"
"288","Barrel 4 Bullet 2","Unknowns Bullet 'L'",0.0118666666666667,0.004,0.09,0.0306666666666667,"UKN","KNM"
"289","Barrel 4 Bullet 2","Unknowns Bullet 'O'",0.0174666666666667,0.009,0.184,0.041,"UKN","KNM"
"290","Barrel 4 Bullet 2","Unknowns Bullet 'P'",0.8402,0.861,0.972,0.868666666666667,"UKN","KM"
"291","Barrel 4 Bullet 2","Unknowns Bullet 'S'",0.0309333333333333,0.01,0.272,0.0613333333333333,"UKN","KNM"
"292","Barrel 4 Bullet 2","Unknowns Bullet 'T'",0.0196666666666667,0.024,0.232,0.0506666666666667,"UKN","KNM"
"293","Barrel 4 Bullet 2","Unknowns Bullet 'U'",0.0331333333333333,0.015,0.298,0.0593333333333333,"UKN","KNM"
"294","Barrel 4 Bullet 2","Unknowns Bullet 'X'",0.0157333333333333,0.006,0.24,0.0476666666666667,"UKN","KNM"
"295","Barrel 4 Bullet 2","Unknowns Bullet 'Y'",0.0269333333333333,0.029,0.15,0.0436666666666667,"UKN","KNM"
"296","Barrel 5 Bullet 1","Barrel 5 Bullet 2",0.729333333333333,0.916,1,0.772,"KM","KM"
"297","Barrel 5 Bullet 1","Barrel 6 Bullet 1",0.0537333333333333,0.011,0.468,0.082,"KNM","KNM"
"298","Barrel 5 Bullet 1","Barrel 6 Bullet 2",0.0542,0.025,0.55,0.0946666666666667,"KNM","KNM"
"299","Barrel 5 Bullet 1","Barrel 7 Bullet 1",0.0948666666666667,0.058,0.532,0.177333333333333,"KNM","KNM"
"300","Barrel 5 Bullet 1","Barrel 7 Bullet 2",0.0543333333333333,0.084,0.534,0.124333333333333,"KNM","KNM"
"301","Barrel 5 Bullet 1","Barrel 8 Bullet 1",0.07704,0.018,0.406,0.1532,"KNM","KNM"
"302","Barrel 5 Bullet 1","Barrel 8 Bullet 2",0.126066666666667,0.03,0.77,0.177333333333333,"KNM","KNM"
"303","Barrel 5 Bullet 1","Barrel 9 Bullet 1",0.0242666666666667,0.011,0.186,0.0546666666666667,"KNM","KNM"
"304","Barrel 5 Bullet 1","Barrel 9 Bullet 2",0.027,0.013,0.182,0.0456666666666667,"KNM","KNM"
"305","Barrel 5 Bullet 1","Unknowns Bullet 'E'",0.08488,0.026,0.588,0.124,"UKN","KNM"
"306","Barrel 5 Bullet 1","Unknowns Bullet 'F'",0.2008,0.11,0.648,0.226333333333333,"UKN","KNM"
"307","Barrel 5 Bullet 1","Unknowns Bullet 'G'",0.0579333333333333,0.014,0.376,0.0776666666666667,"UKN","KNM"
"308","Barrel 5 Bullet 1","Unknowns Bullet 'H'",0.761666666666667,0.923,0.962,0.8,"UKN","KM"
"309","Barrel 5 Bullet 1","Unknowns Bullet 'I'",0.60272,0.85,0.96,0.6692,"UKN","KM"
"310","Barrel 5 Bullet 1","Unknowns Bullet 'J'",0.0484666666666667,0.007,0.304,0.0613333333333333,"UKN","KNM"
"311","Barrel 5 Bullet 1","Unknowns Bullet 'K'",0.0196666666666667,0.015,0.136,0.039,"UKN","KNM"
"312","Barrel 5 Bullet 1","Unknowns Bullet 'L'",0.0214666666666667,0.009,0.21,0.0473333333333333,"UKN","KNM"
"313","Barrel 5 Bullet 1","Unknowns Bullet 'O'",0.0312666666666667,0.016,0.246,0.062,"UKN","KNM"
"314","Barrel 5 Bullet 1","Unknowns Bullet 'P'",0.052,0.018,0.316,0.0786666666666667,"UKN","KNM"
"315","Barrel 5 Bullet 1","Unknowns Bullet 'S'",0.0769333333333333,0.005,0.476,0.105333333333333,"UKN","KNM"
"316","Barrel 5 Bullet 1","Unknowns Bullet 'T'",0.0877333333333333,0.058,0.498,0.151666666666667,"UKN","KNM"
"317","Barrel 5 Bullet 1","Unknowns Bullet 'U'",0.0859333333333333,0.026,0.488,0.145,"UKN","KNM"
"318","Barrel 5 Bullet 1","Unknowns Bullet 'X'",0.0548,0.027,0.21,0.069,"UKN","KNM"
"319","Barrel 5 Bullet 1","Unknowns Bullet 'Y'",0.0716,0.005,0.562,0.105666666666667,"UKN","KNM"
"320","Barrel 5 Bullet 2","Barrel 6 Bullet 1",0.1074,0.016,0.598,0.144,"KNM","KNM"
"321","Barrel 5 Bullet 2","Barrel 6 Bullet 2",0.0590666666666667,0.029,0.418,0.0813333333333333,"KNM","KNM"
"322","Barrel 5 Bullet 2","Barrel 7 Bullet 1",0.1108,0.021,0.534,0.176,"KNM","KNM"
"323","Barrel 5 Bullet 2","Barrel 7 Bullet 2",0.0816666666666667,0.088,0.382,0.138333333333333,"KNM","KNM"
"324","Barrel 5 Bullet 2","Barrel 8 Bullet 1",0.05896,0.066,0.398,0.1276,"KNM","KNM"
"325","Barrel 5 Bullet 2","Barrel 8 Bullet 2",0.119733333333333,0.019,0.75,0.15,"KNM","KNM"
"326","Barrel 5 Bullet 2","Barrel 9 Bullet 1",0.0341333333333333,0.04,0.364,0.078,"KNM","KNM"
"327","Barrel 5 Bullet 2","Barrel 9 Bullet 2",0.0546,0.009,0.208,0.0703333333333333,"KNM","KNM"
"328","Barrel 5 Bullet 2","Unknowns Bullet 'E'",0.06392,0.014,0.496,0.1248,"UKN","KNM"
"329","Barrel 5 Bullet 2","Unknowns Bullet 'F'",0.0169333333333333,0.018,0.098,0.0306666666666667,"UKN","KNM"
"330","Barrel 5 Bullet 2","Unknowns Bullet 'G'",0.0383333333333333,0.013,0.312,0.0793333333333333,"UKN","KNM"
"331","Barrel 5 Bullet 2","Unknowns Bullet 'H'",0.891933333333333,0.935,0.998,0.928333333333333,"UKN","KM"
"332","Barrel 5 Bullet 2","Unknowns Bullet 'I'",0.78784,0.886,0.932,0.856,"UKN","KM"
"333","Barrel 5 Bullet 2","Unknowns Bullet 'J'",0.0642,0.009,0.396,0.0806666666666667,"UKN","KNM"
"334","Barrel 5 Bullet 2","Unknowns Bullet 'K'",0.0388,0.013,0.256,0.0556666666666667,"UKN","KNM"
"335","Barrel 5 Bullet 2","Unknowns Bullet 'L'",0.0314,0.011,0.182,0.0493333333333333,"UKN","KNM"
"336","Barrel 5 Bullet 2","Unknowns Bullet 'O'",0.0440666666666667,0.014,0.366,0.0866666666666667,"UKN","KNM"
"337","Barrel 5 Bullet 2","Unknowns Bullet 'P'",0.0289333333333333,0.01,0.33,0.068,"UKN","KNM"
"338","Barrel 5 Bullet 2","Unknowns Bullet 'S'",0.110333333333333,0.01,0.648,0.163,"UKN","KNM"
"339","Barrel 5 Bullet 2","Unknowns Bullet 'T'",0.1622,0.08,0.782,0.214,"UKN","KNM"
"340","Barrel 5 Bullet 2","Unknowns Bullet 'U'",0.0581333333333333,0.016,0.454,0.0903333333333333,"UKN","KNM"
"341","Barrel 5 Bullet 2","Unknowns Bullet 'X'",0.0190666666666667,0.014,0.254,0.0463333333333333,"UKN","KNM"
"342","Barrel 5 Bullet 2","Unknowns Bullet 'Y'",0.0739333333333333,0.02,0.428,0.100666666666667,"UKN","KNM"
"343","Barrel 6 Bullet 1","Barrel 6 Bullet 2",0.868933333333333,0.906,0.992,0.884666666666667,"KM","KM"
"344","Barrel 6 Bullet 1","Barrel 7 Bullet 1",0.0878666666666667,0.011,0.72,0.129333333333333,"KNM","KNM"
"345","Barrel 6 Bullet 1","Barrel 7 Bullet 2",0.0591333333333333,0.006,0.452,0.0846666666666667,"KNM","KNM"
"346","Barrel 6 Bullet 1","Barrel 8 Bullet 1",0.05712,0.012,0.376,0.0796,"KNM","KNM"
"347","Barrel 6 Bullet 1","Barrel 8 Bullet 2",0.0446,0.009,0.528,0.0986666666666667,"KNM","KNM"
"348","Barrel 6 Bullet 1","Barrel 9 Bullet 1",0.0149333333333333,0.008,0.152,0.0313333333333333,"KNM","KNM"
"349","Barrel 6 Bullet 1","Barrel 9 Bullet 2",0.0760666666666667,0.007,0.444,0.099,"KNM","KNM"
"350","Barrel 6 Bullet 1","Unknowns Bullet 'E'",0.08768,0.03,0.498,0.1152,"UKN","KNM"
"351","Barrel 6 Bullet 1","Unknowns Bullet 'F'",0.0435333333333333,0.023,0.344,0.0746666666666667,"UKN","KNM"
"352","Barrel 6 Bullet 1","Unknowns Bullet 'G'",0.822933333333333,0.893,0.946,0.848666666666667,"UKN","KM"
"353","Barrel 6 Bullet 1","Unknowns Bullet 'H'",0.0818,0.024,0.412,0.109,"UKN","KNM"
"354","Barrel 6 Bullet 1","Unknowns Bullet 'I'",0.09744,0.024,0.696,0.1584,"UKN","KNM"
"355","Barrel 6 Bullet 1","Unknowns Bullet 'J'",0.0367333333333333,0.01,0.242,0.0616666666666667,"UKN","KNM"
"356","Barrel 6 Bullet 1","Unknowns Bullet 'K'",0.0176,0.032,0.074,0.032,"UKN","KNM"
"357","Barrel 6 Bullet 1","Unknowns Bullet 'L'",0.0584,0.019,0.436,0.0916666666666667,"UKN","KNM"
"358","Barrel 6 Bullet 1","Unknowns Bullet 'O'",0.0358,0.009,0.218,0.0603333333333333,"UKN","KNM"
"359","Barrel 6 Bullet 1","Unknowns Bullet 'P'",0.0131333333333333,0.015,0.106,0.0273333333333333,"UKN","KNM"
"360","Barrel 6 Bullet 1","Unknowns Bullet 'S'",0.108266666666667,0.03,0.478,0.136666666666667,"UKN","KNM"
"361","Barrel 6 Bullet 1","Unknowns Bullet 'T'",0.0453333333333333,0.016,0.274,0.0613333333333333,"UKN","KNM"
"362","Barrel 6 Bullet 1","Unknowns Bullet 'U'",0.0300666666666667,0.015,0.24,0.049,"UKN","KNM"
"363","Barrel 6 Bullet 1","Unknowns Bullet 'X'",0.0278666666666667,0.008,0.242,0.0516666666666667,"UKN","KNM"
"364","Barrel 6 Bullet 1","Unknowns Bullet 'Y'",0.880066666666667,0.927,1,0.915,"UKN","KM"
"365","Barrel 6 Bullet 2","Barrel 7 Bullet 1",0.0872,0.01,0.612,0.145333333333333,"KNM","KNM"
"366","Barrel 6 Bullet 2","Barrel 7 Bullet 2",0.0667333333333333,0.013,0.462,0.095,"KNM","KNM"
"367","Barrel 6 Bullet 2","Barrel 8 Bullet 1",0.04792,0.008,0.238,0.072,"KNM","KNM"
"368","Barrel 6 Bullet 2","Barrel 8 Bullet 2",0.0390666666666667,0.04,0.146,0.056,"KNM","KNM"
"369","Barrel 6 Bullet 2","Barrel 9 Bullet 1",0.0693333333333333,0.014,0.566,0.106666666666667,"KNM","KNM"
"370","Barrel 6 Bullet 2","Barrel 9 Bullet 2",0.142,0.022,0.616,0.16,"KNM","KNM"
"371","Barrel 6 Bullet 2","Unknowns Bullet 'E'",0.05568,0.014,0.318,0.0724,"UKN","KNM"
"372","Barrel 6 Bullet 2","Unknowns Bullet 'F'",0.0515333333333333,0.013,0.416,0.0786666666666667,"UKN","KNM"
"373","Barrel 6 Bullet 2","Unknowns Bullet 'G'",0.8244,0.883,0.976,0.847333333333333,"UKN","KM"
"374","Barrel 6 Bullet 2","Unknowns Bullet 'H'",0.041,0.023,0.216,0.0616666666666667,"UKN","KNM"
"375","Barrel 6 Bullet 2","Unknowns Bullet 'I'",0.15128,0.084,0.664,0.2084,"UKN","KNM"
"376","Barrel 6 Bullet 2","Unknowns Bullet 'J'",0.0105333333333333,0.012,0.086,0.026,"UKN","KNM"
"377","Barrel 6 Bullet 2","Unknowns Bullet 'K'",0.0385333333333333,0.003,0.242,0.052,"UKN","KNM"
"378","Barrel 6 Bullet 2","Unknowns Bullet 'L'",0.0747333333333333,0.03,0.364,0.117333333333333,"UKN","KNM"
"379","Barrel 6 Bullet 2","Unknowns Bullet 'O'",0.0310666666666667,0.024,0.13,0.045,"UKN","KNM"
"380","Barrel 6 Bullet 2","Unknowns Bullet 'P'",0.0701333333333333,0.014,0.486,0.0903333333333333,"UKN","KNM"
"381","Barrel 6 Bullet 2","Unknowns Bullet 'S'",0.0715333333333333,0.015,0.458,0.100666666666667,"UKN","KNM"
"382","Barrel 6 Bullet 2","Unknowns Bullet 'T'",0.100333333333333,0.077,0.418,0.129666666666667,"UKN","KNM"
"383","Barrel 6 Bullet 2","Unknowns Bullet 'U'",0.033,0.01,0.244,0.0513333333333333,"UKN","KNM"
"384","Barrel 6 Bullet 2","Unknowns Bullet 'X'",0.0277333333333333,0.015,0.294,0.0553333333333333,"UKN","KNM"
"385","Barrel 6 Bullet 2","Unknowns Bullet 'Y'",0.8464,0.957,0.996,0.871666666666667,"UKN","KM"
"386","Barrel 7 Bullet 1","Barrel 7 Bullet 2",0.7426,0.953,1,0.813666666666667,"KM","KM"
"387","Barrel 7 Bullet 1","Barrel 8 Bullet 1",0.11992,0.02,0.406,0.1664,"KNM","KNM"
"388","Barrel 7 Bullet 1","Barrel 8 Bullet 2",0.0774,0.023,0.384,0.122333333333333,"KNM","KNM"
"389","Barrel 7 Bullet 1","Barrel 9 Bullet 1",0.0608,0.006,0.422,0.081,"KNM","KNM"
"390","Barrel 7 Bullet 1","Barrel 9 Bullet 2",0.0561333333333333,0.006,0.372,0.0746666666666667,"KNM","KNM"
"391","Barrel 7 Bullet 1","Unknowns Bullet 'E'",0.72768,0.816,0.938,0.7564,"UKN","KM"
"392","Barrel 7 Bullet 1","Unknowns Bullet 'F'",0.0856666666666667,0.01,0.538,0.142333333333333,"UKN","KNM"
"393","Barrel 7 Bullet 1","Unknowns Bullet 'G'",0.0623333333333333,0.012,0.41,0.08,"UKN","KNM"
"394","Barrel 7 Bullet 1","Unknowns Bullet 'H'",0.0785333333333333,0.008,0.362,0.129666666666667,"UKN","KNM"
"395","Barrel 7 Bullet 1","Unknowns Bullet 'I'",0.0744,0.092,0.374,0.12,"UKN","KNM"
"396","Barrel 7 Bullet 1","Unknowns Bullet 'J'",0.0303333333333333,0.02,0.196,0.0496666666666667,"UKN","KNM"
"397","Barrel 7 Bullet 1","Unknowns Bullet 'K'",0.0153333333333333,0.014,0.148,0.037,"UKN","KNM"
"398","Barrel 7 Bullet 1","Unknowns Bullet 'L'",0.163866666666667,0.146,0.62,0.198333333333333,"UKN","KNM"
"399","Barrel 7 Bullet 1","Unknowns Bullet 'O'",0.0364,0.02,0.202,0.0626666666666667,"UKN","KNM"
"400","Barrel 7 Bullet 1","Unknowns Bullet 'P'",0.0322666666666667,0.017,0.212,0.0573333333333333,"UKN","KNM"
"401","Barrel 7 Bullet 1","Unknowns Bullet 'S'",0.0274,0.007,0.398,0.0723333333333333,"UKN","KNM"
"402","Barrel 7 Bullet 1","Unknowns Bullet 'T'",0.0278666666666667,0.013,0.226,0.054,"UKN","KNM"
"403","Barrel 7 Bullet 1","Unknowns Bullet 'U'",0.734866666666667,0.923,0.978,0.794,"UKN","KM"
"404","Barrel 7 Bullet 1","Unknowns Bullet 'X'",0.675866666666667,0.837,0.998,0.741666666666667,"UKN","KM"
"405","Barrel 7 Bullet 1","Unknowns Bullet 'Y'",0.106066666666667,0.01,0.764,0.139,"UKN","KNM"
"406","Barrel 7 Bullet 2","Barrel 8 Bullet 1",0.03448,0.06,0.29,0.0672,"KNM","KNM"
"407","Barrel 7 Bullet 2","Barrel 8 Bullet 2",0.00993333333333334,0.02,0.192,0.0493333333333333,"KNM","KNM"
"408","Barrel 7 Bullet 2","Barrel 9 Bullet 1",0.0590666666666667,0.025,0.484,0.108,"KNM","KNM"
"409","Barrel 7 Bullet 2","Barrel 9 Bullet 2",0.0917333333333333,0.012,0.652,0.126666666666667,"KNM","KNM"
"410","Barrel 7 Bullet 2","Unknowns Bullet 'E'",0.90912,0.924,0.958,0.9312,"UKN","KM"
"411","Barrel 7 Bullet 2","Unknowns Bullet 'F'",0.0604,0.012,0.504,0.0956666666666667,"UKN","KNM"
"412","Barrel 7 Bullet 2","Unknowns Bullet 'G'",0.0502,0.018,0.244,0.0653333333333333,"UKN","KNM"
"413","Barrel 7 Bullet 2","Unknowns Bullet 'H'",0.0868,0.065,0.382,0.122,"UKN","KNM"
"414","Barrel 7 Bullet 2","Unknowns Bullet 'I'",0.13776,0.036,0.556,0.166,"UKN","KNM"
"415","Barrel 7 Bullet 2","Unknowns Bullet 'J'",0.0204666666666667,0.004,0.112,0.0346666666666667,"UKN","KNM"
"416","Barrel 7 Bullet 2","Unknowns Bullet 'K'",0.0225333333333333,0.005,0.17,0.044,"UKN","KNM"
"417","Barrel 7 Bullet 2","Unknowns Bullet 'L'",0.0664666666666667,0.012,0.488,0.105,"UKN","KNM"
"418","Barrel 7 Bullet 2","Unknowns Bullet 'O'",0.0214,0.01,0.116,0.0346666666666667,"UKN","KNM"
"419","Barrel 7 Bullet 2","Unknowns Bullet 'P'",0.0280666666666667,0.022,0.16,0.056,"UKN","KNM"
"420","Barrel 7 Bullet 2","Unknowns Bullet 'S'",0.1086,0.018,0.53,0.141333333333333,"UKN","KNM"
"421","Barrel 7 Bullet 2","Unknowns Bullet 'T'",0.0526666666666667,0.03,0.62,0.115666666666667,"UKN","KNM"
"422","Barrel 7 Bullet 2","Unknowns Bullet 'U'",0.919133333333333,0.935,1,0.951666666666667,"UKN","KM"
"423","Barrel 7 Bullet 2","Unknowns Bullet 'X'",0.8422,0.931,0.986,0.898333333333333,"UKN","KM"
"424","Barrel 7 Bullet 2","Unknowns Bullet 'Y'",0.0408666666666667,0.02,0.294,0.067,"UKN","KNM"
"425","Barrel 8 Bullet 1","Barrel 8 Bullet 2",0.56592,0.53,0.992,0.618,"KM","KM"
"426","Barrel 8 Bullet 1","Barrel 9 Bullet 1",0.10776,0.03,0.674,0.1428,"KNM","KNM"
"427","Barrel 8 Bullet 1","Barrel 9 Bullet 2",0.10632,0.022,0.5,0.1416,"KNM","KNM"
"428","Barrel 8 Bullet 1","Unknowns Bullet 'E'",0.0536904761904762,0.062,0.128,0.0695,"UKN","KNM"
"429","Barrel 8 Bullet 1","Unknowns Bullet 'F'",0.8188,0.91,0.998,0.872,"UKN","KM"
"430","Barrel 8 Bullet 1","Unknowns Bullet 'G'",0.12984,0.018,0.73,0.1672,"UKN","KNM"
"431","Barrel 8 Bullet 1","Unknowns Bullet 'H'",0.15632,0.228,0.428,0.2064,"UKN","KNM"
"432","Barrel 8 Bullet 1","Unknowns Bullet 'I'",0.120285714285714,0.044,0.496,0.15,"UKN","KNM"
"433","Barrel 8 Bullet 1","Unknowns Bullet 'J'",0.08512,0.022,0.324,0.1068,"UKN","KNM"
"434","Barrel 8 Bullet 1","Unknowns Bullet 'K'",0.04176,0.02,0.268,0.0684,"UKN","KNM"
"435","Barrel 8 Bullet 1","Unknowns Bullet 'L'",0.0636,0.01,0.356,0.0872,"UKN","KNM"
"436","Barrel 8 Bullet 1","Unknowns Bullet 'O'",0.0276,0.002,0.212,0.0516,"UKN","KNM"
"437","Barrel 8 Bullet 1","Unknowns Bullet 'P'",0.09216,0.016,0.566,0.118,"UKN","KNM"
"438","Barrel 8 Bullet 1","Unknowns Bullet 'S'",0.0696,0.012,0.29,0.1092,"UKN","KNM"
"439","Barrel 8 Bullet 1","Unknowns Bullet 'T'",0.07288,0.024,0.448,0.1088,"UKN","KNM"
"440","Barrel 8 Bullet 1","Unknowns Bullet 'U'",0.088,0.018,0.47,0.1024,"UKN","KNM"
"441","Barrel 8 Bullet 1","Unknowns Bullet 'X'",0.04592,0.002,0.306,0.0684,"UKN","KNM"
"442","Barrel 8 Bullet 1","Unknowns Bullet 'Y'",0.04344,0.014,0.34,0.0768,"UKN","KNM"
"443","Barrel 8 Bullet 2","Barrel 9 Bullet 1",0.0495333333333333,0.017,0.48,0.0873333333333333,"KNM","KNM"
"444","Barrel 8 Bullet 2","Barrel 9 Bullet 2",0.0182666666666667,0.012,0.176,0.0376666666666667,"KNM","KNM"
"445","Barrel 8 Bullet 2","Unknowns Bullet 'E'",0.07384,0.046,0.272,0.1136,"UKN","KNM"
"446","Barrel 8 Bullet 2","Unknowns Bullet 'F'",0.6416,0.807,0.986,0.679666666666667,"UKN","KM"
"447","Barrel 8 Bullet 2","Unknowns Bullet 'G'",0.118666666666667,0.042,0.55,0.147333333333333,"UKN","KNM"
"448","Barrel 8 Bullet 2","Unknowns Bullet 'H'",0.0611333333333333,0.015,0.424,0.102333333333333,"UKN","KNM"
"449","Barrel 8 Bullet 2","Unknowns Bullet 'I'",0.05416,0.028,0.418,0.0964,"UKN","KNM"
"450","Barrel 8 Bullet 2","Unknowns Bullet 'J'",0.0642,0.028,0.468,0.0923333333333333,"UKN","KNM"
"451","Barrel 8 Bullet 2","Unknowns Bullet 'K'",0.0830666666666667,0.02,0.284,0.103333333333333,"UKN","KNM"
"452","Barrel 8 Bullet 2","Unknowns Bullet 'L'",0.0496,0.026,0.286,0.092,"UKN","KNM"
"453","Barrel 8 Bullet 2","Unknowns Bullet 'O'",0.0656,0.055,0.27,0.109333333333333,"UKN","KNM"
"454","Barrel 8 Bullet 2","Unknowns Bullet 'P'",0.0615333333333333,0.018,0.52,0.126333333333333,"UKN","KNM"
"455","Barrel 8 Bullet 2","Unknowns Bullet 'S'",0.0364,0.043,0.456,0.0886666666666667,"UKN","KNM"
"456","Barrel 8 Bullet 2","Unknowns Bullet 'T'",0.0805333333333333,0.062,0.278,0.106,"UKN","KNM"
"457","Barrel 8 Bullet 2","Unknowns Bullet 'U'",0.0462,0.017,0.326,0.084,"UKN","KNM"
"458","Barrel 8 Bullet 2","Unknowns Bullet 'X'",0.046,0.028,0.2,0.0796666666666667,"UKN","KNM"
"459","Barrel 8 Bullet 2","Unknowns Bullet 'Y'",0.0894,0.116,0.582,0.140666666666667,"UKN","KNM"
"460","Barrel 9 Bullet 1","Barrel 9 Bullet 2",0.881666666666667,0.961,0.988,0.908333333333333,"KM","KM"
"461","Barrel 9 Bullet 1","Unknowns Bullet 'E'",0.10552,0.018,0.524,0.1212,"UKN","KNM"
"462","Barrel 9 Bullet 1","Unknowns Bullet 'F'",0.0902,0.01,0.608,0.139,"UKN","KNM"
"463","Barrel 9 Bullet 1","Unknowns Bullet 'G'",0.0444666666666667,0.024,0.286,0.0806666666666667,"UKN","KNM"
"464","Barrel 9 Bullet 1","Unknowns Bullet 'H'",0.0406,0.033,0.154,0.059,"UKN","KNM"
"465","Barrel 9 Bullet 1","Unknowns Bullet 'I'",0.05816,0.018,0.376,0.0864,"UKN","KNM"
"466","Barrel 9 Bullet 1","Unknowns Bullet 'J'",0.0664,0.016,0.464,0.0876666666666667,"UKN","KNM"
"467","Barrel 9 Bullet 1","Unknowns Bullet 'K'",0.0624,0.022,0.33,0.082,"UKN","KNM"
"468","Barrel 9 Bullet 1","Unknowns Bullet 'L'",0.036,0.015,0.308,0.0586666666666667,"UKN","KNM"
"469","Barrel 9 Bullet 1","Unknowns Bullet 'O'",0.127866666666667,0.064,0.404,0.153666666666667,"UKN","KNM"
"470","Barrel 9 Bullet 1","Unknowns Bullet 'P'",0.0659333333333333,0.009,0.424,0.082,"UKN","KNM"
"471","Barrel 9 Bullet 1","Unknowns Bullet 'S'",0.0369333333333333,0.013,0.242,0.0526666666666667,"UKN","KNM"
"472","Barrel 9 Bullet 1","Unknowns Bullet 'T'",0.959333333333333,0.971,0.996,0.975666666666667,"UKN","KM"
"473","Barrel 9 Bullet 1","Unknowns Bullet 'U'",0.0847333333333334,0.015,0.662,0.125333333333333,"UKN","KNM"
"474","Barrel 9 Bullet 1","Unknowns Bullet 'X'",0.0548,0.012,0.348,0.0703333333333333,"UKN","KNM"
"475","Barrel 9 Bullet 1","Unknowns Bullet 'Y'",0.0145333333333333,0.022,0.116,0.03,"UKN","KNM"
"476","Barrel 9 Bullet 2","Unknowns Bullet 'E'",0.03648,0.03,0.172,0.0564,"UKN","KNM"
"477","Barrel 9 Bullet 2","Unknowns Bullet 'F'",0.1004,0.019,0.528,0.126666666666667,"UKN","KNM"
"478","Barrel 9 Bullet 2","Unknowns Bullet 'G'",0.0172666666666667,0.011,0.12,0.0343333333333333,"UKN","KNM"
"479","Barrel 9 Bullet 2","Unknowns Bullet 'H'",0.0192666666666667,0.012,0.132,0.0373333333333333,"UKN","KNM"
"480","Barrel 9 Bullet 2","Unknowns Bullet 'I'",0.08808,0.006,0.612,0.128,"UKN","KNM"
"481","Barrel 9 Bullet 2","Unknowns Bullet 'J'",0.0066,0.016,0.102,0.023,"UKN","KNM"
"482","Barrel 9 Bullet 2","Unknowns Bullet 'K'",0.0346,0.018,0.238,0.0553333333333333,"UKN","KNM"
"483","Barrel 9 Bullet 2","Unknowns Bullet 'L'",0.0136,0.008,0.172,0.036,"UKN","KNM"
"484","Barrel 9 Bullet 2","Unknowns Bullet 'O'",0.0679333333333333,0.032,0.42,0.0973333333333333,"UKN","KNM"
"485","Barrel 9 Bullet 2","Unknowns Bullet 'P'",0.0240666666666667,0.024,0.202,0.046,"UKN","KNM"
"486","Barrel 9 Bullet 2","Unknowns Bullet 'S'",0.0237333333333333,0.019,0.18,0.0416666666666667,"UKN","KNM"
"487","Barrel 9 Bullet 2","Unknowns Bullet 'T'",0.873666666666667,0.935,1,0.892666666666667,"UKN","KM"
"488","Barrel 9 Bullet 2","Unknowns Bullet 'U'",0.109266666666667,0.16,0.518,0.155,"UKN","KNM"
"489","Barrel 9 Bullet 2","Unknowns Bullet 'X'",0.0609333333333333,0.046,0.266,0.088,"UKN","KNM"
"490","Barrel 9 Bullet 2","Unknowns Bullet 'Y'",0.0746,0.004,0.54,0.105333333333333,"UKN","KNM"
"491","Unknowns Bullet 'E'","Unknowns Bullet 'F'",0.01944,0.012,0.104,0.032,"UKN","KNM"
"492","Unknowns Bullet 'E'","Unknowns Bullet 'G'",0.04608,0.016,0.27,0.066,"UKN","KNM"
"493","Unknowns Bullet 'E'","Unknowns Bullet 'H'",0.17176,0.018,0.502,0.2008,"UKN","KNM"
"494","Unknowns Bullet 'E'","Unknowns Bullet 'I'",0.115071428571429,0.103,0.298,0.1405,"UKN","KNM"
"495","Unknowns Bullet 'E'","Unknowns Bullet 'J'",0.02208,0.024,0.132,0.0412,"UKN","KNM"
"496","Unknowns Bullet 'E'","Unknowns Bullet 'K'",0.05744,0.01,0.34,0.076,"UKN","KNM"
"497","Unknowns Bullet 'E'","Unknowns Bullet 'L'",0.0688,0.014,0.346,0.0928,"UKN","KNM"
"498","Unknowns Bullet 'E'","Unknowns Bullet 'O'",0.1088,0.02,0.5,0.13,"UKN","KNM"
"499","Unknowns Bullet 'E'","Unknowns Bullet 'P'",0.02208,0.012,0.122,0.0424,"UKN","KNM"
"500","Unknowns Bullet 'E'","Unknowns Bullet 'S'",0.08,0.008,0.41,0.0948,"UKN","KNM"
"501","Unknowns Bullet 'E'","Unknowns Bullet 'T'",0.04168,0.006,0.236,0.0572,"UKN","KNM"
"502","Unknowns Bullet 'E'","Unknowns Bullet 'U'",0.91392,0.956,0.994,0.9632,"UKN","KM"
"503","Unknowns Bullet 'E'","Unknowns Bullet 'X'",0.89296,0.916,0.992,0.9272,"UKN","KM"
"504","Unknowns Bullet 'E'","Unknowns Bullet 'Y'",0.04224,0.018,0.198,0.0556,"UKN","KNM"
"505","Unknowns Bullet 'F'","Unknowns Bullet 'G'",0.0718666666666667,0.067,0.654,0.115333333333333,"UKN","KNM"
"506","Unknowns Bullet 'F'","Unknowns Bullet 'H'",0.0668,0.061,0.208,0.0883333333333333,"UKN","KNM"
"507","Unknowns Bullet 'F'","Unknowns Bullet 'I'",0.10968,0.036,0.53,0.1312,"UKN","KNM"
"508","Unknowns Bullet 'F'","Unknowns Bullet 'J'",0.0329333333333333,0.023,0.164,0.056,"UKN","KNM"
"509","Unknowns Bullet 'F'","Unknowns Bullet 'K'",0.0389333333333333,0.018,0.134,0.0546666666666667,"UKN","KNM"
"510","Unknowns Bullet 'F'","Unknowns Bullet 'L'",0.0525333333333333,0.026,0.332,0.0776666666666667,"UKN","KNM"
"511","Unknowns Bullet 'F'","Unknowns Bullet 'O'",0.0314,0.016,0.516,0.0896666666666667,"UKN","KNM"
"512","Unknowns Bullet 'F'","Unknowns Bullet 'P'",0.107333333333333,0.016,0.544,0.128666666666667,"UKN","KNM"
"513","Unknowns Bullet 'F'","Unknowns Bullet 'S'",0.0475333333333333,0.05,0.272,0.0796666666666667,"UKN","KNM"
"514","Unknowns Bullet 'F'","Unknowns Bullet 'T'",0.0258666666666667,0.015,0.282,0.0573333333333333,"UKN","KNM"
"515","Unknowns Bullet 'F'","Unknowns Bullet 'U'",0.0626,0.016,0.242,0.0756666666666667,"UKN","KNM"
"516","Unknowns Bullet 'F'","Unknowns Bullet 'X'",0.0422666666666667,0.017,0.152,0.0593333333333333,"UKN","KNM"
"517","Unknowns Bullet 'F'","Unknowns Bullet 'Y'",0.0520666666666667,0.018,0.184,0.0676666666666667,"UKN","KNM"
"518","Unknowns Bullet 'G'","Unknowns Bullet 'H'",0.0487333333333333,0.017,0.426,0.081,"UKN","KNM"
"519","Unknowns Bullet 'G'","Unknowns Bullet 'I'",0.0656,0.054,0.454,0.1216,"UKN","KNM"
"520","Unknowns Bullet 'G'","Unknowns Bullet 'J'",0.0472,0.008,0.312,0.0636666666666667,"UKN","KNM"
"521","Unknowns Bullet 'G'","Unknowns Bullet 'K'",0.0168666666666667,0.011,0.092,0.0303333333333333,"UKN","KNM"
"522","Unknowns Bullet 'G'","Unknowns Bullet 'L'",0.063,0.02,0.482,0.0896666666666667,"UKN","KNM"
"523","Unknowns Bullet 'G'","Unknowns Bullet 'O'",0.0207333333333333,0.015,0.214,0.0453333333333333,"UKN","KNM"
"524","Unknowns Bullet 'G'","Unknowns Bullet 'P'",0.0166,0.022,0.168,0.035,"UKN","KNM"
"525","Unknowns Bullet 'G'","Unknowns Bullet 'S'",0.00526666666666667,0.009,0.042,0.0173333333333333,"UKN","KNM"
"526","Unknowns Bullet 'G'","Unknowns Bullet 'T'",0.107733333333333,0.016,0.432,0.129,"UKN","KNM"
"527","Unknowns Bullet 'G'","Unknowns Bullet 'U'",0.0488,0.053,0.288,0.0843333333333333,"UKN","KNM"
"528","Unknowns Bullet 'G'","Unknowns Bullet 'X'",0.0469333333333333,0.011,0.404,0.076,"UKN","KNM"
"529","Unknowns Bullet 'G'","Unknowns Bullet 'Y'",0.846933333333333,0.942,0.984,0.875666666666667,"UKN","KM"
"530","Unknowns Bullet 'H'","Unknowns Bullet 'I'",0.77632,0.82,0.94,0.8616,"UKN","KM"
"531","Unknowns Bullet 'H'","Unknowns Bullet 'J'",0.0189333333333333,0.024,0.07,0.032,"UKN","KNM"
"532","Unknowns Bullet 'H'","Unknowns Bullet 'K'",0.0448,0.02,0.27,0.0656666666666667,"UKN","KNM"
"533","Unknowns Bullet 'H'","Unknowns Bullet 'L'",0.0686,0.015,0.492,0.0943333333333333,"UKN","KNM"
"534","Unknowns Bullet 'H'","Unknowns Bullet 'O'",0.0493333333333333,0.009,0.418,0.08,"UKN","KNM"
"535","Unknowns Bullet 'H'","Unknowns Bullet 'P'",0.0822,0.012,0.664,0.121,"UKN","KNM"
"536","Unknowns Bullet 'H'","Unknowns Bullet 'S'",0.0725333333333333,0.097,0.748,0.134666666666667,"UKN","KNM"
"537","Unknowns Bullet 'H'","Unknowns Bullet 'T'",0.0438,0.014,0.378,0.0806666666666667,"UKN","KNM"
"538","Unknowns Bullet 'H'","Unknowns Bullet 'U'",0.0754666666666667,0.038,0.428,0.114333333333333,"UKN","KNM"
"539","Unknowns Bullet 'H'","Unknowns Bullet 'X'",0.0412666666666667,0.015,0.324,0.086,"UKN","KNM"
"540","Unknowns Bullet 'H'","Unknowns Bullet 'Y'",0.0303333333333333,0.013,0.206,0.0516666666666667,"UKN","KNM"
"541","Unknowns Bullet 'I'","Unknowns Bullet 'J'",0.07304,0.028,0.322,0.0924,"UKN","KNM"
"542","Unknowns Bullet 'I'","Unknowns Bullet 'K'",0.01176,0.01,0.038,0.0232,"UKN","KNM"
"543","Unknowns Bullet 'I'","Unknowns Bullet 'L'",0.0844,0.13,0.344,0.1188,"UKN","KNM"
"544","Unknowns Bullet 'I'","Unknowns Bullet 'O'",0.05504,0.024,0.22,0.0792,"UKN","KNM"
"545","Unknowns Bullet 'I'","Unknowns Bullet 'P'",0.01928,0.008,0.228,0.0516,"UKN","KNM"
"546","Unknowns Bullet 'I'","Unknowns Bullet 'S'",0.0692,0.006,0.424,0.1224,"UKN","KNM"
"547","Unknowns Bullet 'I'","Unknowns Bullet 'T'",0.09376,0.038,0.714,0.1744,"UKN","KNM"
"548","Unknowns Bullet 'I'","Unknowns Bullet 'U'",0.05224,0.012,0.36,0.0936,"UKN","KNM"
"549","Unknowns Bullet 'I'","Unknowns Bullet 'X'",0.0608,0.042,0.236,0.0948,"UKN","KNM"
"550","Unknowns Bullet 'I'","Unknowns Bullet 'Y'",0.1008,0.022,0.682,0.1488,"UKN","KNM"
"551","Unknowns Bullet 'J'","Unknowns Bullet 'K'",0.0258,0.016,0.208,0.0426666666666667,"UKN","KNM"
"552","Unknowns Bullet 'J'","Unknowns Bullet 'L'",0.0186666666666667,0.014,0.18,0.044,"UKN","KNM"
"553","Unknowns Bullet 'J'","Unknowns Bullet 'O'",0.0382666666666667,0.014,0.226,0.0656666666666667,"UKN","KNM"
"554","Unknowns Bullet 'J'","Unknowns Bullet 'P'",0.724733333333333,0.795,0.916,0.743666666666667,"UKN","KM"
"555","Unknowns Bullet 'J'","Unknowns Bullet 'S'",0.0378666666666667,0.014,0.29,0.0586666666666667,"UKN","KNM"
"556","Unknowns Bullet 'J'","Unknowns Bullet 'T'",0.0214,0.017,0.176,0.0496666666666667,"UKN","KNM"
"557","Unknowns Bullet 'J'","Unknowns Bullet 'U'",0.0266,0.02,0.124,0.04,"UKN","KNM"
"558","Unknowns Bullet 'J'","Unknowns Bullet 'X'",0.0174666666666667,0.021,0.218,0.0493333333333333,"UKN","KNM"
"559","Unknowns Bullet 'J'","Unknowns Bullet 'Y'",0.0294666666666667,0.019,0.202,0.0423333333333333,"UKN","KNM"
"560","Unknowns Bullet 'K'","Unknowns Bullet 'L'",0.0496,0.022,0.364,0.084,"UKN","KNM"
"561","Unknowns Bullet 'K'","Unknowns Bullet 'O'",0.0414,0.022,0.236,0.0633333333333333,"UKN","KNM"
"562","Unknowns Bullet 'K'","Unknowns Bullet 'P'",0.0336,0.015,0.248,0.052,"UKN","KNM"
"563","Unknowns Bullet 'K'","Unknowns Bullet 'S'",0.0204,0.018,0.178,0.0443333333333333,"UKN","KNM"
"564","Unknowns Bullet 'K'","Unknowns Bullet 'T'",0.0259333333333333,0.011,0.182,0.0416666666666667,"UKN","KNM"
"565","Unknowns Bullet 'K'","Unknowns Bullet 'U'",0.0318,0.008,0.276,0.0513333333333333,"UKN","KNM"
"566","Unknowns Bullet 'K'","Unknowns Bullet 'X'",0.0174666666666667,0.005,0.142,0.0306666666666667,"UKN","KNM"
"567","Unknowns Bullet 'K'","Unknowns Bullet 'Y'",0.0208666666666667,0.017,0.146,0.038,"UKN","KNM"
"568","Unknowns Bullet 'L'","Unknowns Bullet 'O'",0.0404666666666667,0.034,0.308,0.0846666666666667,"UKN","KNM"
"569","Unknowns Bullet 'L'","Unknowns Bullet 'P'",0.0614666666666667,0.018,0.5,0.107333333333333,"UKN","KNM"
"570","Unknowns Bullet 'L'","Unknowns Bullet 'S'",0.103666666666667,0.068,0.452,0.131,"UKN","KNM"
"571","Unknowns Bullet 'L'","Unknowns Bullet 'T'",0.0468,0.051,0.43,0.0793333333333333,"UKN","KNM"
"572","Unknowns Bullet 'L'","Unknowns Bullet 'U'",0.0367333333333333,0.01,0.286,0.066,"UKN","KNM"
"573","Unknowns Bullet 'L'","Unknowns Bullet 'X'",0.0494,0.026,0.148,0.0613333333333333,"UKN","KNM"
"574","Unknowns Bullet 'L'","Unknowns Bullet 'Y'",0.0587333333333333,0.004,0.484,0.0886666666666667,"UKN","KNM"
"575","Unknowns Bullet 'O'","Unknowns Bullet 'P'",0.0234,0.02,0.272,0.0563333333333333,"UKN","KNM"
"576","Unknowns Bullet 'O'","Unknowns Bullet 'S'",0.0654666666666667,0.016,0.296,0.095,"UKN","KNM"
"577","Unknowns Bullet 'O'","Unknowns Bullet 'T'",0.0918,0.054,0.516,0.133,"UKN","KNM"
"578","Unknowns Bullet 'O'","Unknowns Bullet 'U'",0.0292,0.026,0.274,0.0556666666666667,"UKN","KNM"
"579","Unknowns Bullet 'O'","Unknowns Bullet 'X'",0.0360666666666667,0.016,0.232,0.0506666666666667,"UKN","KNM"
"580","Unknowns Bullet 'O'","Unknowns Bullet 'Y'",0.0860666666666667,0.011,0.396,0.111666666666667,"UKN","KNM"
"581","Unknowns Bullet 'P'","Unknowns Bullet 'S'",0.181,0.204,0.41,0.211666666666667,"UKN","KNM"
"582","Unknowns Bullet 'P'","Unknowns Bullet 'T'",0.0264,0.009,0.196,0.045,"UKN","KNM"
"583","Unknowns Bullet 'P'","Unknowns Bullet 'U'",0.0188666666666667,0.015,0.182,0.035,"UKN","KNM"
"584","Unknowns Bullet 'P'","Unknowns Bullet 'X'",0.0132,0.008,0.122,0.038,"UKN","KNM"
"585","Unknowns Bullet 'P'","Unknowns Bullet 'Y'",0.0176,0.005,0.21,0.0406666666666667,"UKN","KNM"
"586","Unknowns Bullet 'S'","Unknowns Bullet 'T'",0.107933333333333,0.032,0.672,0.132,"UKN","KNM"
"587","Unknowns Bullet 'S'","Unknowns Bullet 'U'",0.0492666666666667,0.007,0.532,0.1,"UKN","KNM"
"588","Unknowns Bullet 'S'","Unknowns Bullet 'X'",0.0867333333333333,0.036,0.524,0.116666666666667,"UKN","KNM"
"589","Unknowns Bullet 'S'","Unknowns Bullet 'Y'",0.0494,0.034,0.438,0.082,"UKN","KNM"
"590","Unknowns Bullet 'T'","Unknowns Bullet 'U'",0.0625333333333333,0.015,0.356,0.0946666666666667,"UKN","KNM"
"591","Unknowns Bullet 'T'","Unknowns Bullet 'X'",0.0411333333333333,0.011,0.306,0.0643333333333333,"UKN","KNM"
"592","Unknowns Bullet 'T'","Unknowns Bullet 'Y'",0.0487333333333333,0.01,0.46,0.0813333333333333,"UKN","KNM"
"593","Unknowns Bullet 'U'","Unknowns Bullet 'X'",0.873,0.937,1,0.927333333333333,"UKN","KM"
"594","Unknowns Bullet 'U'","Unknowns Bullet 'Y'",0.0302666666666667,0.015,0.248,0.0533333333333333,"UKN","KNM"
"595","Unknowns Bullet 'X'","Unknowns Bullet 'Y'",0.0833333333333333,0.006,0.306,0.107333333333333,"UKN","KNM"
